"Species"	"Phylum"	"Class"	"Order"	"Family"	"Genus"	"total_sequences"
"Ablennes_hians"	"Chordata"	"Actinopteri"	"Beloniformes"	"Belonidae"	"Ablennes"	3
"Abramis_brama"	"Chordata"	"Actinopteri"	"Cypriniformes"	"Cyprinidae"	"Abramis"	7
"Abudefduf_hoefleri"	"Chordata"	"Actinopteri"	"Ovalentaria"	"Pomacentridae"	"Abudefduf"	1
"Abudefduf_saxatilis"	"Chordata"	"Actinopteri"	"Ovalentaria"	"Pomacentridae"	"Abudefduf"	2
"Abudefduf_taurus"	"Chordata"	"Actinopteri"	"Ovalentaria"	"Pomacentridae"	"Abudefduf"	1
"Abudefduf_vaigiensis"	"Chordata"	"Actinopteri"	"Ovalentaria"	"Pomacentridae"	"Abudefduf"	10
"Acanthocybium_solandri"	"Chordata"	"Actinopteri"	"Scombriformes"	"Scombridae"	"Acanthocybium"	3
"Acanthopagrus_bifasciatus"	"Chordata"	"Actinopteri"	"Eupercaria"	"Sparidae"	"Acanthopagrus"	2
"Acanthurus_monroviae"	"Chordata"	"Actinopteri"	"Acanthuriformes"	"Acanthuridae"	"Acanthurus"	1
"Acipenser_gueldenstaedtii"	"Chordata"	"Actinopteri"	"Acipenseriformes"	"Acipenseridae"	"Acipenser"	5
"Acipenser_naccarii"	"Chordata"	"Actinopteri"	"Acipenseriformes"	"Acipenseridae"	"Acipenser"	2
"Acipenser_nudiventris"	"Chordata"	"Actinopteri"	"Acipenseriformes"	"Acipenseridae"	"Acipenser"	4
"Acipenser_oxyrinchus"	"Chordata"	"Actinopteri"	"Acipenseriformes"	"Acipenseridae"	"Acipenser"	10
"Acipenser_persicus"	"Chordata"	"Actinopteri"	"Acipenseriformes"	"Acipenseridae"	"Acipenser"	2
"Acipenser_ruthenus"	"Chordata"	"Actinopteri"	"Acipenseriformes"	"Acipenseridae"	"Acipenser"	4
"Acipenser_stellatus"	"Chordata"	"Actinopteri"	"Acipenseriformes"	"Acipenseridae"	"Acipenser"	5
"Acipenser_sturio"	"Chordata"	"Actinopteri"	"Acipenseriformes"	"Acipenseridae"	"Acipenser"	4
"Aetobatus_flagellum"	"Chordata"	"Elasmobranchii"	"Myliobatiformes"	"Myliobatidae"	"Aetobatus"	2
"Aetobatus_narinari"	"Chordata"	"Elasmobranchii"	"Myliobatiformes"	"Myliobatidae"	"Aetobatus"	1
"Alburnus_alburnus"	"Chordata"	"Actinopteri"	"Cypriniformes"	"Cyprinidae"	"Alburnus"	2
"Alburnus_chalcoides"	"Chordata"	"Actinopteri"	"Cypriniformes"	"Cyprinidae"	"Alburnus"	1
"Aldrovandia_affinis"	"Chordata"	"Actinopteri"	"Notacanthiformes"	"Halosauridae"	"Aldrovandia"	2
"Aldrovandia_oleosa"	"Chordata"	"Actinopteri"	"Notacanthiformes"	"Halosauridae"	"Aldrovandia"	2
"Aldrovandia_phalacra"	"Chordata"	"Actinopteri"	"Notacanthiformes"	"Halosauridae"	"Aldrovandia"	1
"Alectis_ciliaris"	"Chordata"	"Actinopteri"	"Carangiformes"	"Carangidae"	"Alectis"	2
"Alepes_djedaba"	"Chordata"	"Actinopteri"	"Carangiformes"	"Carangidae"	"Alepes"	2
"Alepisaurus_ferox"	"Chordata"	"Actinopteri"	"Aulopiformes"	"Alepisauridae"	"Alepisaurus"	1
"Alepocephalus_agassizii"	"Chordata"	"Actinopteri"	"Alepocephaliformes"	"Alepocephalidae"	"Alepocephalus"	3
"Alepocephalus_australis"	"Chordata"	"Actinopteri"	"Alepocephaliformes"	"Alepocephalidae"	"Alepocephalus"	2
"Alepocephalus_bairdii"	"Chordata"	"Actinopteri"	"Alepocephaliformes"	"Alepocephalidae"	"Alepocephalus"	2
"Alepocephalus_productus"	"Chordata"	"Actinopteri"	"Alepocephaliformes"	"Alepocephalidae"	"Alepocephalus"	2
"Alopias_superciliosus"	"Chordata"	"Elasmobranchii"	"Lamniformes"	"Alopiidae"	"Alopias"	5
"Alopias_vulpinus"	"Chordata"	"Elasmobranchii"	"Lamniformes"	"Alopiidae"	"Alopias"	5
"Alosa_alosa"	"Chordata"	"Actinopteri"	"Clupeiformes"	"Clupeidae"	"Alosa"	2
"Alosa_fallax"	"Chordata"	"Actinopteri"	"Clupeiformes"	"Clupeidae"	"Alosa"	5
"Aluterus_monoceros"	"Chordata"	"Actinopteri"	"Tetraodontiformes"	"Monacanthidae"	"Aluterus"	2
"Aluterus_scriptus"	"Chordata"	"Actinopteri"	"Tetraodontiformes"	"Monacanthidae"	"Aluterus"	2
"Amblyraja_hyperborea"	"Chordata"	"Elasmobranchii"	"Rajiformes"	"Rajidae"	"Amblyraja"	3
"Amblyraja_radiata"	"Chordata"	"Elasmobranchii"	"Rajiformes"	"Rajidae"	"Amblyraja"	5
"Ammodytes_dubius"	"Chordata"	"Actinopteri"	"Perciformes"	"Ammodytidae"	"Ammodytes"	2
"Ammodytes_marinus"	"Chordata"	"Actinopteri"	"Perciformes"	"Ammodytidae"	"Ammodytes"	1
"Ammodytes_tobianus"	"Chordata"	"Actinopteri"	"Perciformes"	"Ammodytidae"	"Ammodytes"	1
"Anarhichas_denticulatus"	"Chordata"	"Actinopteri"	"Perciformes"	"Anarhichadidae"	"Anarhichas"	23
"Anarhichas_lupus"	"Chordata"	"Actinopteri"	"Perciformes"	"Anarhichadidae"	"Anarhichas"	89
"Anarhichas_minor"	"Chordata"	"Actinopteri"	"Perciformes"	"Anarhichadidae"	"Anarhichas"	20
"Anguilla_anguilla"	"Chordata"	"Actinopteri"	"Anguilliformes"	"Anguillidae"	"Anguilla"	59
"Anguilla_japonica"	"Chordata"	"Actinopteri"	"Anguilliformes"	"Anguillidae"	"Anguilla"	10
"Anisarchus_medius"	"Chordata"	"Actinopteri"	"Perciformes"	"Stichaeidae"	"Anisarchus"	1
"Anoplogaster_cornuta"	"Chordata"	"Actinopteri"	"Trachichthyiformes"	"Anoplogastridae"	"Anoplogaster"	2
"Anotopterus_pharao"	"Chordata"	"Actinopteri"	"Aulopiformes"	"Anotopteridae"	"Anotopterus"	1
"Antennarius_striatus"	"Chordata"	"Actinopteri"	"Lophiiformes"	"Antennariidae"	"Antennarius"	1
"Antigonia_capros"	"Chordata"	"Actinopteri"	"Acanthuriformes"	"Caproidae"	"Antigonia"	2
"Antimora_rostrata"	"Chordata"	"Actinopteri"	"Gadiformes"	"Moridae"	"Antimora"	2
"Aphanius_dispar"	"Chordata"	"Actinopteri"	"Cyprinodontiformes"	"Cyprinodontidae"	"Aphanius"	11
"Aphanius_fasciatus"	"Chordata"	"Actinopteri"	"Cyprinodontiformes"	"Cyprinodontidae"	"Aphanius"	7
"Aphanopus_carbo"	"Chordata"	"Actinopteri"	"Scombriformes"	"Trichiuridae"	"Aphanopus"	2
"Aphia_minuta"	"Chordata"	"Actinopteri"	"Gobiiformes"	"Gobiidae"	"Aphia"	2
"Apogon_imberbis"	"Chordata"	"Actinopteri"	"Kurtiformes"	"Apogonidae"	"Apogon"	2
"Apogonichthyoides_nigripinnis"	"Chordata"	"Actinopteri"	"Kurtiformes"	"Apogonidae"	"Apogonichthyoides"	1
"Apogonichthyoides_taeniatus"	"Chordata"	"Actinopteri"	"Kurtiformes"	"Apogonidae"	"Apogonichthyoides"	1
"Arctogadus_glacialis"	"Chordata"	"Actinopteri"	"Gadiformes"	"Gadidae"	"Arctogadus"	20
"Arctozenus_risso"	"Chordata"	"Actinopteri"	"Aulopiformes"	"Paralepididae"	"Arctozenus"	1
"Argentina_silus"	"Chordata"	"Actinopteri"	"Argentiniformes"	"Argentinidae"	"Argentina"	1
"Argentina_sphyraena"	"Chordata"	"Actinopteri"	"Argentiniformes"	"Argentinidae"	"Argentina"	1
"Ariosoma_balearicum"	"Chordata"	"Actinopteri"	"Anguilliformes"	"Congridae"	"Ariosoma"	1
"Arnoglossus_laterna"	"Chordata"	"Actinopteri"	"Pleuronectiformes"	"Bothidae"	"Arnoglossus"	1
"Arothron_hispidus"	"Chordata"	"Actinopteri"	"Tetraodontiformes"	"Tetraodontidae"	"Arothron"	3
"Aspidophoroides_olrikii"	"Chordata"	"Actinopteri"	"Perciformes"	"Agonidae"	"Aspidophoroides"	2
"Atherina_boyeri"	"Chordata"	"Actinopteri"	"Atheriniformes"	"Atherinidae"	"Atherina"	6
"Atherina_hepsetus"	"Chordata"	"Actinopteri"	"Atheriniformes"	"Atherinidae"	"Atherina"	17
"Atherina_presbyter"	"Chordata"	"Actinopteri"	"Atheriniformes"	"Atherinidae"	"Atherina"	6
"Atherinomorus_lacunosus"	"Chordata"	"Actinopteri"	"Atheriniformes"	"Atherinidae"	"Atherinomorus"	2
"Atractoscion_aequidens"	"Chordata"	"Actinopteri"	"Eupercaria"	"Sciaenidae"	"Atractoscion"	5
"Auxis_rochei"	"Chordata"	"Actinopteri"	"Scombriformes"	"Scombridae"	"Auxis"	8
"Auxis_thazard"	"Chordata"	"Actinopteri"	"Scombriformes"	"Scombridae"	"Auxis"	7
"Avocettina_infans"	"Chordata"	"Actinopteri"	"Anguilliformes"	"Nemichthyidae"	"Avocettina"	2
"Babka_gymnotrachelus"	"Chordata"	"Actinopteri"	"Gobiiformes"	"Gobiidae"	"Babka"	1
"Bajacalifornia_megalops"	"Chordata"	"Actinopteri"	"Alepocephaliformes"	"Alepocephalidae"	"Bajacalifornia"	2
"Balistes_vetula"	"Chordata"	"Actinopteri"	"Tetraodontiformes"	"Balistidae"	"Balistes"	2
"Barbatula_barbatula"	"Chordata"	"Actinopteri"	"Cypriniformes"	"Nemacheilidae"	"Barbatula"	7
"Barbourisia_rufa"	"Chordata"	"Actinopteri"	"Beryciformes"	"Barbourisiidae"	"Barbourisia"	2
"Barbus_barbus"	"Chordata"	"Actinopteri"	"Cypriniformes"	"Cyprinidae"	"Barbus"	3
"Bathygadus_favosus"	"Chordata"	"Actinopteri"	"Gadiformes"	"Macrouridae"	"Bathygadus"	1
"Bathygadus_macrops"	"Chordata"	"Actinopteri"	"Gadiformes"	"Macrouridae"	"Bathygadus"	1
"Bathygadus_melanobranchus"	"Chordata"	"Actinopteri"	"Gadiformes"	"Macrouridae"	"Bathygadus"	1
"Bathylaco_nigricans"	"Chordata"	"Actinopteri"	"Alepocephaliformes"	"Alepocephalidae"	"Bathylaco"	1
"Bathylagus_euryops"	"Chordata"	"Actinopteri"	"Argentiniformes"	"Bathylagidae"	"Bathylagus"	1
"Bathyprion_danae"	"Chordata"	"Actinopteri"	"Alepocephaliformes"	"Alepocephalidae"	"Bathyprion"	2
"Bathyraja_richardsoni"	"Chordata"	"Elasmobranchii"	"Rajiformes"	"Arhynchobatidae"	"Bathyraja"	2
"Bathyraja_spinicauda"	"Chordata"	"Elasmobranchii"	"Rajiformes"	"Arhynchobatidae"	"Bathyraja"	1
"Bathysaurus_ferox"	"Chordata"	"Actinopteri"	"Aulopiformes"	"Bathysauridae"	"Bathysaurus"	1
"Bathytoshia_centroura"	"Chordata"	"Elasmobranchii"	"Myliobatiformes"	"Dasyatidae"	"Bathytoshia"	6
"Bathytroctes_macrolepis"	"Chordata"	"Actinopteri"	"Alepocephaliformes"	"Alepocephalidae"	"Bathytroctes"	2
"Bathytroctes_michaelsarsi"	"Chordata"	"Actinopteri"	"Alepocephaliformes"	"Alepocephalidae"	"Bathytroctes"	2
"Bathytroctes_microlepis"	"Chordata"	"Actinopteri"	"Alepocephaliformes"	"Alepocephalidae"	"Bathytroctes"	2
"Bathyuroconger_vicinus"	"Chordata"	"Actinopteri"	"Anguilliformes"	"Congridae"	"Bathyuroconger"	1
"Benthosema_glaciale"	"Chordata"	"Actinopteri"	"Myctophiformes"	"Myctophidae"	"Benthosema"	2
"Beryx_decadactylus"	"Chordata"	"Actinopteri"	"Beryciformes"	"Berycidae"	"Beryx"	3
"Beryx_splendens"	"Chordata"	"Actinopteri"	"Beryciformes"	"Berycidae"	"Beryx"	4
"Blicca_bjoerkna"	"Chordata"	"Actinopteri"	"Cypriniformes"	"Cyprinidae"	"Blicca"	5
"Boops_boops"	"Chordata"	"Actinopteri"	"Eupercaria"	"Sparidae"	"Boops"	1
"Boreogadus_saida"	"Chordata"	"Actinopteri"	"Gadiformes"	"Gadidae"	"Boreogadus"	68
"Borostomias_antarcticus"	"Chordata"	"Actinopteri"	"Stomiiformes"	"Stomiidae"	"Borostomias"	1
"Brama_brama"	"Chordata"	"Actinopteri"	"Scombriformes"	"Bramidae"	"Brama"	6
"Bregmaceros_nectabanus"	"Chordata"	"Actinopteri"	"Gadiformes"	"Bregmacerotidae"	"Bregmaceros"	2
"Buenia_affinis"	"Chordata"	"Actinopteri"	"Gobiiformes"	"Gobiidae"	"Buenia"	2
"Callionymus_lyra"	"Chordata"	"Actinopteri"	"Callionymiformes"	"Callionymidae"	"Callionymus"	3
"Callionymus_maculatus"	"Chordata"	"Actinopteri"	"Callionymiformes"	"Callionymidae"	"Callionymus"	4
"Canthidermis_maculata"	"Chordata"	"Actinopteri"	"Tetraodontiformes"	"Balistidae"	"Canthidermis"	3
"Capros_aper"	"Chordata"	"Actinopteri"	"Acanthuriformes"	"Caproidae"	"Capros"	2
"Caranx_crysos"	"Chordata"	"Actinopteri"	"Carangiformes"	"Carangidae"	"Caranx"	1
"Carapus_acus"	"Chordata"	"Actinopteri"	"Ophidiiformes"	"Carapidae"	"Carapus"	2
"Carassius_carassius"	"Chordata"	"Actinopteri"	"Cypriniformes"	"Cyprinidae"	"Carassius"	5
"Carassius_gibelio"	"Chordata"	"Actinopteri"	"Cypriniformes"	"Cyprinidae"	"Carassius"	23
"Carcharhinus_altimus"	"Chordata"	"Elasmobranchii"	"Carcharhiniformes"	"Carcharhinidae"	"Carcharhinus"	1
"Carcharhinus_amboinensis"	"Chordata"	"Elasmobranchii"	"Carcharhiniformes"	"Carcharhinidae"	"Carcharhinus"	2
"Carcharhinus_brachyurus"	"Chordata"	"Elasmobranchii"	"Carcharhiniformes"	"Carcharhinidae"	"Carcharhinus"	1
"Carcharhinus_brevipinna"	"Chordata"	"Elasmobranchii"	"Carcharhiniformes"	"Carcharhinidae"	"Carcharhinus"	3
"Carcharhinus_falciformis"	"Chordata"	"Elasmobranchii"	"Carcharhiniformes"	"Carcharhinidae"	"Carcharhinus"	8
"Carcharhinus_leucas"	"Chordata"	"Elasmobranchii"	"Carcharhiniformes"	"Carcharhinidae"	"Carcharhinus"	5
"Carcharhinus_limbatus"	"Chordata"	"Elasmobranchii"	"Carcharhiniformes"	"Carcharhinidae"	"Carcharhinus"	6
"Carcharhinus_longimanus"	"Chordata"	"Elasmobranchii"	"Carcharhiniformes"	"Carcharhinidae"	"Carcharhinus"	6
"Carcharhinus_melanopterus"	"Chordata"	"Elasmobranchii"	"Carcharhiniformes"	"Carcharhinidae"	"Carcharhinus"	3
"Carcharhinus_obscurus"	"Chordata"	"Elasmobranchii"	"Carcharhiniformes"	"Carcharhinidae"	"Carcharhinus"	4
"Carcharhinus_plumbeus"	"Chordata"	"Elasmobranchii"	"Carcharhiniformes"	"Carcharhinidae"	"Carcharhinus"	4
"Carcharhinus_signatus"	"Chordata"	"Elasmobranchii"	"Carcharhiniformes"	"Carcharhinidae"	"Carcharhinus"	1
"Carcharias_taurus"	"Chordata"	"Elasmobranchii"	"Lamniformes"	"Odontaspididae"	"Carcharias"	9
"Carcharodon_carcharias"	"Chordata"	"Elasmobranchii"	"Lamniformes"	"Lamnidae"	"Carcharodon"	132
"Centrolabrus_exoletus"	"Chordata"	"Actinopteri"	"Eupercaria"	"Labridae"	"Centrolabrus"	2
"Centrolophus_niger"	"Chordata"	"Actinopteri"	"Scombriformes"	"Centrolophidae"	"Centrolophus"	3
"Centrophorus_granulosus"	"Chordata"	"Elasmobranchii"	"Squaliformes"	"Centrophoridae"	"Centrophorus"	1
"Centrophorus_squamosus"	"Chordata"	"Elasmobranchii"	"Squaliformes"	"Centrophoridae"	"Centrophorus"	1
"Centroscyllium_fabricii"	"Chordata"	"Elasmobranchii"	"Squaliformes"	"Etmopteridae"	"Centroscyllium"	2
"Centroscymnus_crepidater"	"Chordata"	"Elasmobranchii"	"Squaliformes"	"Somniosidae"	"Centroscymnus"	1
"Centroscymnus_owstonii"	"Chordata"	"Elasmobranchii"	"Squaliformes"	"Somniosidae"	"Centroscymnus"	1
"Ceratias_uranoscopus"	"Chordata"	"Actinopteri"	"Lophiiformes"	"Ceratiidae"	"Ceratias"	2
"Ceratoscopelus_maderensis"	"Chordata"	"Actinopteri"	"Myctophiformes"	"Myctophidae"	"Ceratoscopelus"	1
"Cetonurus_globiceps"	"Chordata"	"Actinopteri"	"Gadiformes"	"Macrouridae"	"Cetonurus"	2
"Cetorhinus_maximus"	"Chordata"	"Elasmobranchii"	"Lamniformes"	"Cetorhinidae"	"Cetorhinus"	24
"Cetostoma_regani"	"Chordata"	"Actinopteri"	"Beryciformes"	"Cetomimidae"	"Cetostoma"	3
"Chanos_chanos"	"Chordata"	"Actinopteri"	"Gonorynchiformes"	"Chanidae"	"Chanos"	4
"Chauliodus_sloani"	"Chordata"	"Actinopteri"	"Stomiiformes"	"Stomiidae"	"Chauliodus"	2
"Chaunax_pictus"	"Chordata"	"Actinopteri"	"Lophiiformes"	"Chaunacidae"	"Chaunax"	2
"Cheilodipterus_novemstriatus"	"Chordata"	"Actinopteri"	"Kurtiformes"	"Apogonidae"	"Cheilodipterus"	2
"Cheilopogon_pinnatibarbatus"	"Chordata"	"Actinopteri"	"Beloniformes"	"Exocoetidae"	"Cheilopogon"	2
"Chelon_auratus"	"Chordata"	"Actinopteri"	"Mugiliformes"	"Mugilidae"	"Chelon"	2
"Chelon_dumerili"	"Chordata"	"Actinopteri"	"Mugiliformes"	"Mugilidae"	"Chelon"	2
"Chelon_labrosus"	"Chordata"	"Actinopteri"	"Mugiliformes"	"Mugilidae"	"Chelon"	4
"Chelon_ramada"	"Chordata"	"Actinopteri"	"Mugiliformes"	"Mugilidae"	"Chelon"	1
"Chilomycterus_reticulatus"	"Chordata"	"Actinopteri"	"Tetraodontiformes"	"Diodontidae"	"Chilomycterus"	2
"Chimaera_monstrosa"	"Chordata"	"Holocephali"	"Chimaeriformes"	"Chimaeridae"	"Chimaera"	5
"Chirocentrus_dorab"	"Chordata"	"Actinopteri"	"Clupeiformes"	"Chirocentridae"	"Chirocentrus"	3
"Chirolophis_ascanii"	"Chordata"	"Actinopteri"	"Perciformes"	"Stichaeidae"	"Chirolophis"	2
"Chlamydoselachus_anguineus"	"Chordata"	"Elasmobranchii"	"Hexanchiformes"	"Chlamydoselachidae"	"Chlamydoselachus"	4
"Chlorophthalmus_agassizi"	"Chordata"	"Actinopteri"	"Aulopiformes"	"Chlorophthalmidae"	"Chlorophthalmus"	2
"Chondrostoma_nasus"	"Chordata"	"Actinopteri"	"Cypriniformes"	"Cyprinidae"	"Chondrostoma"	1
"Chromis_chromis"	"Chordata"	"Actinopteri"	"Ovalentaria"	"Pomacentridae"	"Chromis"	1
"Chromis_viridis"	"Chordata"	"Actinopteri"	"Ovalentaria"	"Pomacentridae"	"Chromis"	4
"Clupea_harengus"	"Chordata"	"Actinopteri"	"Clupeiformes"	"Clupeidae"	"Clupea"	109
"Clupeonella_cultriventris"	"Chordata"	"Actinopteri"	"Clupeiformes"	"Clupeidae"	"Clupeonella"	2
"Cobitis_taenia"	"Chordata"	"Actinopteri"	"Cypriniformes"	"Cobitidae"	"Cobitis"	2
"Coloconger_cadenati"	"Chordata"	"Actinopteri"	"Anguilliformes"	"Colocongridae"	"Coloconger"	3
"Conocara_macropterum"	"Chordata"	"Actinopteri"	"Alepocephaliformes"	"Alepocephalidae"	"Conocara"	2
"Conocara_murrayi"	"Chordata"	"Actinopteri"	"Alepocephaliformes"	"Alepocephalidae"	"Conocara"	2
"Corcyrogobius_liechtensteini"	"Chordata"	"Actinopteri"	"Gobiiformes"	"Gobiidae"	"Corcyrogobius"	1
"Coregonus_albula"	"Chordata"	"Actinopteri"	"Salmoniformes"	"Salmonidae"	"Coregonus"	1
"Coregonus_lavaretus"	"Chordata"	"Actinopteri"	"Salmoniformes"	"Salmonidae"	"Coregonus"	82
"Coregonus_maraena"	"Chordata"	"Actinopteri"	"Salmoniformes"	"Salmonidae"	"Coregonus"	3
"Coregonus_nasus"	"Chordata"	"Actinopteri"	"Salmoniformes"	"Salmonidae"	"Coregonus"	2
"Coregonus_oxyrinchus"	"Chordata"	"Actinopteri"	"Salmoniformes"	"Salmonidae"	"Coregonus"	22
"Coregonus_peled"	"Chordata"	"Actinopteri"	"Salmoniformes"	"Salmonidae"	"Coregonus"	2
"Coryphaena_equiselis"	"Chordata"	"Actinopteri"	"Carangiformes"	"Coryphaenidae"	"Coryphaena"	3
"Coryphaena_hippurus"	"Chordata"	"Actinopteri"	"Carangiformes"	"Coryphaenidae"	"Coryphaena"	13
"Coryphaenoides_guentheri"	"Chordata"	"Actinopteri"	"Gadiformes"	"Macrouridae"	"Coryphaenoides"	2
"Coryphaenoides_marshalli"	"Chordata"	"Actinopteri"	"Gadiformes"	"Macrouridae"	"Coryphaenoides"	1
"Coryphaenoides_paramarshalli"	"Chordata"	"Actinopteri"	"Gadiformes"	"Macrouridae"	"Coryphaenoides"	1
"Coryphaenoides_rupestris"	"Chordata"	"Actinopteri"	"Gadiformes"	"Macrouridae"	"Coryphaenoides"	1
"Coryphaenoides_zaniophorus"	"Chordata"	"Actinopteri"	"Gadiformes"	"Macrouridae"	"Coryphaenoides"	1
"Cottunculus_microps"	"Chordata"	"Actinopteri"	"Perciformes"	"Psychrolutidae"	"Cottunculus"	1
"Cottunculus_thomsonii"	"Chordata"	"Actinopteri"	"Perciformes"	"Psychrolutidae"	"Cottunculus"	1
"Cottus_gobio"	"Chordata"	"Actinopteri"	"Perciformes"	"Cottidae"	"Cottus"	1
"Cottus_poecilopus"	"Chordata"	"Actinopteri"	"Perciformes"	"Cottidae"	"Cottus"	2
"Cryptopsaras_couesii"	"Chordata"	"Actinopteri"	"Lophiiformes"	"Ceratiidae"	"Cryptopsaras"	4
"Crystallogobius_linearis"	"Chordata"	"Actinopteri"	"Gobiiformes"	"Gobiidae"	"Crystallogobius"	3
"Ctenolabrus_rupestris"	"Chordata"	"Actinopteri"	"Eupercaria"	"Labridae"	"Ctenolabrus"	2
"Cyclopterus_lumpus"	"Chordata"	"Actinopteri"	"Perciformes"	"Cyclopteridae"	"Cyclopterus"	3
"Cyclothone_microdon"	"Chordata"	"Actinopteri"	"Stomiiformes"	"Gonostomatidae"	"Cyclothone"	1
"Cyema_atrum"	"Chordata"	"Actinopteri"	"Saccopharyngiformes"	"Cyematidae"	"Cyema"	2
"Cynoglossus_senegalensis"	"Chordata"	"Actinopteri"	"Pleuronectiformes"	"Cynoglossidae"	"Cynoglossus"	2
"Cynoponticus_ferox"	"Chordata"	"Actinopteri"	"Anguilliformes"	"Muraenesocidae"	"Cynoponticus"	3
"Cyprinus_carpio"	"Chordata"	"Actinopteri"	"Cypriniformes"	"Cyprinidae"	"Cyprinus"	45
"Cyttopsis_rosea"	"Chordata"	"Actinopteri"	"Zeiformes"	"Parazenidae"	"Cyttopsis"	1
"Dactylopterus_volitans"	"Chordata"	"Actinopteri"	"Dactylopteriformes"	"Dactylopteridae"	"Dactylopterus"	1
"Dalatias_licha"	"Chordata"	"Elasmobranchii"	"Squaliformes"	"Dalatiidae"	"Dalatias"	1
"Dasyatis_pastinaca"	"Chordata"	"Elasmobranchii"	"Myliobatiformes"	"Dasyatidae"	"Dasyatis"	1
"Dasyatis_tortonesei"	"Chordata"	"Elasmobranchii"	"Myliobatiformes"	"Dasyatidae"	"Dasyatis"	2
"Deania_calcea"	"Chordata"	"Elasmobranchii"	"Squaliformes"	"Centrophoridae"	"Deania"	1
"Decapterus_macarellus"	"Chordata"	"Actinopteri"	"Carangiformes"	"Carangidae"	"Decapterus"	5
"Deltentosteus_collonianus"	"Chordata"	"Actinopteri"	"Gobiiformes"	"Gobiidae"	"Deltentosteus"	1
"Dentex_angolensis"	"Chordata"	"Actinopteri"	"Eupercaria"	"Sparidae"	"Dentex"	2
"Dentex_dentex"	"Chordata"	"Actinopteri"	"Eupercaria"	"Sparidae"	"Dentex"	2
"Dentex_gibbosus"	"Chordata"	"Actinopteri"	"Eupercaria"	"Sparidae"	"Dentex"	2
"Derichthys_serpentinus"	"Chordata"	"Actinopteri"	"Anguilliformes"	"Derichthyidae"	"Derichthys"	3
"Diaphus_luetkeni"	"Chordata"	"Actinopteri"	"Myctophiformes"	"Myctophidae"	"Diaphus"	2
"Diaphus_splendidus"	"Chordata"	"Actinopteri"	"Myctophiformes"	"Myctophidae"	"Diaphus"	2
"Dicentrarchus_labrax"	"Chordata"	"Actinopteri"	"Eupercaria"	"Moronidae"	"Dicentrarchus"	3
"Dicentrarchus_punctatus"	"Chordata"	"Actinopteri"	"Eupercaria"	"Moronidae"	"Dicentrarchus"	2
"Dicologlossa_cuneata"	"Chordata"	"Actinopteri"	"Pleuronectiformes"	"Soleidae"	"Dicologlossa"	1
"Didogobius_kochi"	"Chordata"	"Actinopteri"	"Gobiiformes"	"Gobiidae"	"Didogobius"	1
"Diodon_hystrix"	"Chordata"	"Actinopteri"	"Tetraodontiformes"	"Diodontidae"	"Diodon"	2
"Diogenichthys_atlanticus"	"Chordata"	"Actinopteri"	"Myctophiformes"	"Myctophidae"	"Diogenichthys"	1
"Diplodus_puntazzo"	"Chordata"	"Actinopteri"	"Eupercaria"	"Sparidae"	"Diplodus"	1
"Diplodus_sargus"	"Chordata"	"Actinopteri"	"Eupercaria"	"Sparidae"	"Diplodus"	1
"Diplophos_taenia"	"Chordata"	"Actinopteri"	"Stomiiformes"	"Gonostomatidae"	"Diplophos"	1
"Diplospinus_multistriatus"	"Chordata"	"Actinopteri"	"Scombriformes"	"Gempylidae"	"Diplospinus"	1
"Dipturus_batis"	"Chordata"	"Elasmobranchii"	"Rajiformes"	"Rajidae"	"Dipturus"	8
"Dipturus_nidarosiensis"	"Chordata"	"Elasmobranchii"	"Rajiformes"	"Rajidae"	"Dipturus"	3
"Dipturus_oxyrinchus"	"Chordata"	"Elasmobranchii"	"Rajiformes"	"Rajidae"	"Dipturus"	5
"Diretmus_argenteus"	"Chordata"	"Actinopteri"	"Trachichthyiformes"	"Diretmidae"	"Diretmus"	2
"Dussumieria_elopsoides"	"Chordata"	"Actinopteri"	"Clupeiformes"	"Dussumieriidae"	"Dussumieria"	3
"Dysalotus_alcocki"	"Chordata"	"Actinopteri"	"Scombriformes"	"Chiasmodontidae"	"Dysalotus"	2
"Echelus_myrus"	"Chordata"	"Actinopteri"	"Anguilliformes"	"Ophichthidae"	"Echelus"	1
"Echeneis_naucrates"	"Chordata"	"Actinopteri"	"Carangiformes"	"Echeneidae"	"Echeneis"	6
"Echiichthys_vipera"	"Chordata"	"Actinopteri"	"Perciformes"	"Trachinidae"	"Echiichthys"	2
"Elagatis_bipinnulata"	"Chordata"	"Actinopteri"	"Carangiformes"	"Carangidae"	"Elagatis"	3
"Engraulis_encrasicolus"	"Chordata"	"Actinopteri"	"Clupeiformes"	"Engraulidae"	"Engraulis"	8
"Entelurus_aequoreus"	"Chordata"	"Actinopteri"	"Syngnathiformes"	"Syngnathidae"	"Entelurus"	1
"Epigonus_denticulatus"	"Chordata"	"Actinopteri"	"Acropomatiformes"	"Epigonidae"	"Epigonus"	3
"Epigonus_telescopus"	"Chordata"	"Actinopteri"	"Acropomatiformes"	"Epigonidae"	"Epigonus"	3
"Epinephelus_aeneus"	"Chordata"	"Actinopteri"	"Perciformes"	"Serranidae"	"Epinephelus"	1
"Epinephelus_caninus"	"Chordata"	"Actinopteri"	"Perciformes"	"Serranidae"	"Epinephelus"	1
"Epinephelus_coioides"	"Chordata"	"Actinopteri"	"Perciformes"	"Serranidae"	"Epinephelus"	8
"Epinephelus_costae"	"Chordata"	"Actinopteri"	"Perciformes"	"Serranidae"	"Epinephelus"	2
"Epinephelus_malabaricus"	"Chordata"	"Actinopteri"	"Perciformes"	"Serranidae"	"Epinephelus"	2
"Epinephelus_marginatus"	"Chordata"	"Actinopteri"	"Perciformes"	"Serranidae"	"Epinephelus"	6
"Epinephelus_tauvina"	"Chordata"	"Actinopteri"	"Perciformes"	"Serranidae"	"Epinephelus"	1
"Esox_lucius"	"Chordata"	"Actinopteri"	"Esociformes"	"Esocidae"	"Esox"	11
"Ethmalosa_fimbriata"	"Chordata"	"Actinopteri"	"Clupeiformes"	"Clupeidae"	"Ethmalosa"	2
"Etmopterus_polli"	"Chordata"	"Elasmobranchii"	"Squaliformes"	"Etmopteridae"	"Etmopterus"	1
"Etmopterus_princeps"	"Chordata"	"Elasmobranchii"	"Squaliformes"	"Etmopteridae"	"Etmopterus"	1
"Etmopterus_pusillus"	"Chordata"	"Elasmobranchii"	"Squaliformes"	"Etmopteridae"	"Etmopterus"	6
"Etmopterus_spinax"	"Chordata"	"Elasmobranchii"	"Squaliformes"	"Etmopteridae"	"Etmopterus"	4
"Etrumeus_sadina"	"Chordata"	"Actinopteri"	"Clupeiformes"	"Dussumieriidae"	"Etrumeus"	2
"Eurypharynx_pelecanoides"	"Chordata"	"Actinopteri"	"Saccopharyngiformes"	"Eurypharyngidae"	"Eurypharynx"	4
"Eutaeniophorus_festivus"	"Chordata"	"Actinopteri"	"Beryciformes"	"Cetomimidae"	"Eutaeniophorus"	2
"Euthynnus_alletteratus"	"Chordata"	"Actinopteri"	"Scombriformes"	"Scombridae"	"Euthynnus"	3
"Eutrigla_gurnardus"	"Chordata"	"Actinopteri"	"Perciformes"	"Triglidae"	"Eutrigla"	1
"Exocoetus_volitans"	"Chordata"	"Actinopteri"	"Beloniformes"	"Exocoetidae"	"Exocoetus"	2
"Facciolella_oxyrhyncha"	"Chordata"	"Actinopteri"	"Anguilliformes"	"Nettastomatidae"	"Facciolella"	2
"Favonigobius_melanobranchus"	"Chordata"	"Actinopteri"	"Gobiiformes"	"Gobiidae"	"Favonigobius"	1
"Fistularia_commersonii"	"Chordata"	"Actinopteri"	"Syngnathiformes"	"Fistulariidae"	"Fistularia"	2
"Fistularia_petimba"	"Chordata"	"Actinopteri"	"Syngnathiformes"	"Fistulariidae"	"Fistularia"	2
"Fundulus_heteroclitus"	"Chordata"	"Actinopteri"	"Cyprinodontiformes"	"Fundulidae"	"Fundulus"	12
"Gadiculus_argenteus"	"Chordata"	"Actinopteri"	"Gadiformes"	"Gadidae"	"Gadiculus"	2
"Gadus_macrocephalus"	"Chordata"	"Actinopteri"	"Gadiformes"	"Gadidae"	"Gadus"	7
"Gadus_morhua"	"Chordata"	"Actinopteri"	"Gadiformes"	"Gadidae"	"Gadus"	161
"Gaidropsarus_argentatus"	"Chordata"	"Actinopteri"	"Gadiformes"	"Lotidae"	"Gaidropsarus"	2
"Gaidropsarus_ensis"	"Chordata"	"Actinopteri"	"Gadiformes"	"Lotidae"	"Gaidropsarus"	1
"Galeocerdo_cuvier"	"Chordata"	"Elasmobranchii"	"Carcharhiniformes"	"Carcharhinidae"	"Galeocerdo"	8
"Galeus_melastomus"	"Chordata"	"Elasmobranchii"	"Carcharhiniformes"	"Pentanchidae"	"Galeus"	3
"Gasterosteus_aculeatus"	"Chordata"	"Actinopteri"	"Perciformes"	"Gasterosteidae"	"Gasterosteus"	12
"Gempylus_serpens"	"Chordata"	"Actinopteri"	"Scombriformes"	"Gempylidae"	"Gempylus"	1
"Gigantactis_vanhoeffeni"	"Chordata"	"Actinopteri"	"Lophiiformes"	"Gigantactinidae"	"Gigantactis"	2
"Gigantura_chuni"	"Chordata"	"Actinopteri"	"Aulopiformes"	"Giganturidae"	"Gigantura"	1
"Ginglymostoma_cirratum"	"Chordata"	"Elasmobranchii"	"Orectolobiformes"	"Ginglymostomatidae"	"Ginglymostoma"	4
"Gobius_bucchichi"	"Chordata"	"Actinopteri"	"Gobiiformes"	"Gobiidae"	"Gobius"	1
"Gobius_cobitis"	"Chordata"	"Actinopteri"	"Gobiiformes"	"Gobiidae"	"Gobius"	1
"Gobius_cruentatus"	"Chordata"	"Actinopteri"	"Gobiiformes"	"Gobiidae"	"Gobius"	1
"Gobius_niger"	"Chordata"	"Actinopteri"	"Gobiiformes"	"Gobiidae"	"Gobius"	2
"Gobius_paganellus"	"Chordata"	"Actinopteri"	"Gobiiformes"	"Gobiidae"	"Gobius"	4
"Gobius_xanthocephalus"	"Chordata"	"Actinopteri"	"Gobiiformes"	"Gobiidae"	"Gobius"	1
"Gobiusculus_flavescens"	"Chordata"	"Actinopteri"	"Gobiiformes"	"Gobiidae"	"Gobiusculus"	3
"Gouania_willdenowi"	"Chordata"	"Actinopteri"	"Gobiesociformes"	"Gobiesocidae"	"Gouania"	1
"Gymnammodytes_semisquamatus"	"Chordata"	"Actinopteri"	"Perciformes"	"Ammodytidae"	"Gymnammodytes"	2
"Gymnocephalus_cernua"	"Chordata"	"Actinopteri"	"Perciformes"	"Percidae"	"Gymnocephalus"	5
"Gymnothorax_reticularis"	"Chordata"	"Actinopteri"	"Anguilliformes"	"Muraenidae"	"Gymnothorax"	3
"Gymnothorax_vicinus"	"Chordata"	"Actinopteri"	"Anguilliformes"	"Muraenidae"	"Gymnothorax"	1
"Gymnura_altavela"	"Chordata"	"Elasmobranchii"	"Myliobatiformes"	"Gymnuridae"	"Gymnura"	2
"Halosauropsis_macrochir"	"Chordata"	"Actinopteri"	"Notacanthiformes"	"Halosauridae"	"Halosauropsis"	1
"Haplophryne_mollis"	"Chordata"	"Actinopteri"	"Lophiiformes"	"Linophrynidae"	"Haplophryne"	2
"Harriotta_raleighana"	"Chordata"	"Holocephali"	"Chimaeriformes"	"Rhinochimaeridae"	"Harriotta"	2
"Hemiramphus_far"	"Chordata"	"Actinopteri"	"Beloniformes"	"Hemiramphidae"	"Hemiramphus"	3
"Heptranchias_perlo"	"Chordata"	"Elasmobranchii"	"Hexanchiformes"	"Hexanchidae"	"Heptranchias"	6
"Heteropriacanthus_cruentatus"	"Chordata"	"Actinopteri"	"Eupercaria"	"Priacanthidae"	"Heteropriacanthus"	1
"Hexanchus_griseus"	"Chordata"	"Elasmobranchii"	"Hexanchiformes"	"Hexanchidae"	"Hexanchus"	43
"Himantolophus_albinares"	"Chordata"	"Actinopteri"	"Lophiiformes"	"Himantolophidae"	"Himantolophus"	2
"Himantolophus_groenlandicus"	"Chordata"	"Actinopteri"	"Lophiiformes"	"Himantolophidae"	"Himantolophus"	3
"Himantura_uarnak"	"Chordata"	"Elasmobranchii"	"Myliobatiformes"	"Dasyatidae"	"Himantura"	3
"Hippocampus_hippocampus"	"Chordata"	"Actinopteri"	"Syngnathiformes"	"Syngnathidae"	"Hippocampus"	2
"Hippoglossus_hippoglossus"	"Chordata"	"Actinopteri"	"Pleuronectiformes"	"Pleuronectidae"	"Hippoglossus"	5
"Hirundichthys_rondeletii"	"Chordata"	"Actinopteri"	"Beloniformes"	"Exocoetidae"	"Hirundichthys"	2
"Holacanthus_africanus"	"Chordata"	"Actinopteri"	"Acanthuriformes"	"Pomacanthidae"	"Holacanthus"	1
"Holacanthus_ciliaris"	"Chordata"	"Actinopteri"	"Acanthuriformes"	"Pomacanthidae"	"Holacanthus"	3
"Huso_huso"	"Chordata"	"Actinopteri"	"Acipenseriformes"	"Acipenseridae"	"Huso"	3
"Hydrolagus_affinis"	"Chordata"	"Holocephali"	"Chimaeriformes"	"Chimaeridae"	"Hydrolagus"	2
"Hydrolagus_mirabilis"	"Chordata"	"Holocephali"	"Chimaeriformes"	"Chimaeridae"	"Hydrolagus"	1
"Hymenocephalus_italicus"	"Chordata"	"Actinopteri"	"Gadiformes"	"Macrouridae"	"Hymenocephalus"	1
"Hypophthalmichthys_molitrix"	"Chordata"	"Actinopteri"	"Cypriniformes"	"Cyprinidae"	"Hypophthalmichthys"	35
"Hyporthodus_haifensis"	"Chordata"	"Actinopteri"	"Perciformes"	"Serranidae"	"Hyporthodus"	1
"Icelus_spatula"	"Chordata"	"Actinopteri"	"Perciformes"	"Cottidae"	"Icelus"	2
"Ilisha_africana"	"Chordata"	"Actinopteri"	"Clupeiformes"	"Pristigasteridae"	"Ilisha"	2
"Ilyophis_brunneus"	"Chordata"	"Actinopteri"	"Anguilliformes"	"Synaphobranchidae"	"Ilyophis"	3
"Istiompax_indica"	"Chordata"	"Actinopteri"	"Carangiformes"	"Istiophoridae"	"Istiompax"	7
"Istiophorus_platypterus"	"Chordata"	"Actinopteri"	"Carangiformes"	"Istiophoridae"	"Istiophorus"	7
"Isurus_oxyrinchus"	"Chordata"	"Elasmobranchii"	"Lamniformes"	"Lamnidae"	"Isurus"	7
"Isurus_paucus"	"Chordata"	"Elasmobranchii"	"Lamniformes"	"Lamnidae"	"Isurus"	5
"Kajikia_albida"	"Chordata"	"Actinopteri"	"Carangiformes"	"Istiophoridae"	"Kajikia"	4
"Katsuwonus_pelamis"	"Chordata"	"Actinopteri"	"Scombriformes"	"Scombridae"	"Katsuwonus"	11
"Kyphosus_incisor"	"Chordata"	"Actinopteri"	"Centrarchiformes"	"Kyphosidae"	"Kyphosus"	8
"Kyphosus_sectatrix"	"Chordata"	"Actinopteri"	"Centrarchiformes"	"Kyphosidae"	"Kyphosus"	10
"Labichthys_carinatus"	"Chordata"	"Actinopteri"	"Anguilliformes"	"Nemichthyidae"	"Labichthys"	2
"Labrus_mixtus"	"Chordata"	"Actinopteri"	"Eupercaria"	"Labridae"	"Labrus"	1
"Lagocephalus_laevigatus"	"Chordata"	"Actinopteri"	"Tetraodontiformes"	"Tetraodontidae"	"Lagocephalus"	3
"Lagocephalus_lagocephalus"	"Chordata"	"Actinopteri"	"Tetraodontiformes"	"Tetraodontidae"	"Lagocephalus"	2
"Lagocephalus_sceleratus"	"Chordata"	"Actinopteri"	"Tetraodontiformes"	"Tetraodontidae"	"Lagocephalus"	4
"Lagocephalus_spadiceus"	"Chordata"	"Actinopteri"	"Tetraodontiformes"	"Tetraodontidae"	"Lagocephalus"	6
"Lagocephalus_suezensis"	"Chordata"	"Actinopteri"	"Tetraodontiformes"	"Tetraodontidae"	"Lagocephalus"	2
"Lamna_nasus"	"Chordata"	"Elasmobranchii"	"Lamniformes"	"Lamnidae"	"Lamna"	6
"Lampadena_atlantica"	"Chordata"	"Actinopteri"	"Myctophiformes"	"Myctophidae"	"Lampadena"	2
"Lampanyctus_crocodilus"	"Chordata"	"Actinopteri"	"Myctophiformes"	"Myctophidae"	"Lampanyctus"	2
"Lampanyctus_macdonaldi"	"Chordata"	"Actinopteri"	"Myctophiformes"	"Myctophidae"	"Lampanyctus"	1
"Lampetra_planeri"	"Chordata"	"Petromyzonti"	"Petromyzontiformes"	"Petromyzontidae"	"Lampetra"	1
"Lampris_guttatus"	"Chordata"	"Actinopteri"	"Lampriformes"	"Lampridae"	"Lampris"	2
"Lebetus_guilleti"	"Chordata"	"Actinopteri"	"Gobiiformes"	"Gobiidae"	"Lebetus"	1
"Lepidion_eques"	"Chordata"	"Actinopteri"	"Gadiformes"	"Moridae"	"Lepidion"	1
"Lepidion_lepidion"	"Chordata"	"Actinopteri"	"Gadiformes"	"Moridae"	"Lepidion"	1
"Lepidocybium_flavobrunneum"	"Chordata"	"Actinopteri"	"Scombriformes"	"Gempylidae"	"Lepidocybium"	4
"Lepidopus_caudatus"	"Chordata"	"Actinopteri"	"Scombriformes"	"Trichiuridae"	"Lepidopus"	2
"Lepidorhombus_whiffiagonis"	"Chordata"	"Actinopteri"	"Pleuronectiformes"	"Scophthalmidae"	"Lepidorhombus"	1
"Lepomis_gibbosus"	"Chordata"	"Actinopteri"	"Centrarchiformes"	"Centrarchidae"	"Lepomis"	7
"Leptagonus_decagonus"	"Chordata"	"Actinopteri"	"Perciformes"	"Agonidae"	"Leptagonus"	1
"Leptochilichthys_agassizii"	"Chordata"	"Actinopteri"	"Osmeriformes"	"Leptochilichthyidae"	"Leptochilichthys"	1
"Leptoclinus_maculatus"	"Chordata"	"Actinopteri"	"Perciformes"	"Stichaeidae"	"Leptoclinus"	4
"Lestidium_atlanticum"	"Chordata"	"Actinopteri"	"Aulopiformes"	"Paralepididae"	"Lestidium"	1
"Lesueurigobius_friesii"	"Chordata"	"Actinopteri"	"Gobiiformes"	"Gobiidae"	"Lesueurigobius"	3
"Lesueurigobius_sanzi"	"Chordata"	"Actinopteri"	"Gobiiformes"	"Gobiidae"	"Lesueurigobius"	1
"Lesueurigobius_suerii"	"Chordata"	"Actinopteri"	"Gobiiformes"	"Gobiidae"	"Lesueurigobius"	1
"Leucaspius_delineatus"	"Chordata"	"Actinopteri"	"Cypriniformes"	"Cyprinidae"	"Leucaspius"	1
"Leuciscus_aspius"	"Chordata"	"Actinopteri"	"Cypriniformes"	"Cyprinidae"	"Leuciscus"	1
"Leuciscus_leuciscus"	"Chordata"	"Actinopteri"	"Cypriniformes"	"Cyprinidae"	"Leuciscus"	1
"Leucoraja_fullonica"	"Chordata"	"Elasmobranchii"	"Rajiformes"	"Rajidae"	"Leucoraja"	2
"Leucoraja_naevus"	"Chordata"	"Elasmobranchii"	"Rajiformes"	"Rajidae"	"Leucoraja"	3
"Liza_carinata"	"Chordata"	"Actinopteri"	"Mugiliformes"	"Mugilidae"	"Liza"	2
"Lobianchia_gemellarii"	"Chordata"	"Actinopteri"	"Myctophiformes"	"Myctophidae"	"Lobianchia"	1
"Lobotes_surinamensis"	"Chordata"	"Actinopteri"	"Acanthuriformes"	"Lobotidae"	"Lobotes"	2
"Lophius_budegassa"	"Chordata"	"Actinopteri"	"Lophiiformes"	"Lophiidae"	"Lophius"	1
"Lophius_piscatorius"	"Chordata"	"Actinopteri"	"Lophiiformes"	"Lophiidae"	"Lophius"	3
"Lota_lota"	"Chordata"	"Actinopteri"	"Gadiformes"	"Lotidae"	"Lota"	7
"Lumpenus_lampretaeformis"	"Chordata"	"Actinopteri"	"Perciformes"	"Stichaeidae"	"Lumpenus"	2
"Lutjanus_argentimaculatus"	"Chordata"	"Actinopteri"	"Eupercaria"	"Lutjanidae"	"Lutjanus"	2
"Lutjanus_fulgens"	"Chordata"	"Actinopteri"	"Eupercaria"	"Lutjanidae"	"Lutjanus"	1
"Luvarus_imperialis"	"Chordata"	"Actinopteri"	"Acanthuriformes"	"Luvaridae"	"Luvarus"	3
"Lycenchelys_kolthoffi"	"Chordata"	"Actinopteri"	"Perciformes"	"Zoarcidae"	"Lycenchelys"	1
"Lycenchelys_muraena"	"Chordata"	"Actinopteri"	"Perciformes"	"Zoarcidae"	"Lycenchelys"	3
"Lycenchelys_sarsii"	"Chordata"	"Actinopteri"	"Perciformes"	"Zoarcidae"	"Lycenchelys"	1
"Lycodes_gracilis"	"Chordata"	"Actinopteri"	"Perciformes"	"Zoarcidae"	"Lycodes"	1
"Lycodes_polaris"	"Chordata"	"Actinopteri"	"Perciformes"	"Zoarcidae"	"Lycodes"	1
"Lycodes_reticulatus"	"Chordata"	"Actinopteri"	"Perciformes"	"Zoarcidae"	"Lycodes"	1
"Macrourus_berglax"	"Chordata"	"Actinopteri"	"Gadiformes"	"Macrouridae"	"Macrourus"	2
"Magnisudis_atlantica"	"Chordata"	"Actinopteri"	"Aulopiformes"	"Paralepididae"	"Magnisudis"	1
"Makaira_nigricans"	"Chordata"	"Actinopteri"	"Carangiformes"	"Istiophoridae"	"Makaira"	7
"Malacocephalus_laevis"	"Chordata"	"Actinopteri"	"Gadiformes"	"Macrouridae"	"Malacocephalus"	1
"Malacocephalus_occidentalis"	"Chordata"	"Actinopteri"	"Gadiformes"	"Macrouridae"	"Malacocephalus"	1
"Malacoraja_kreffti"	"Chordata"	"Elasmobranchii"	"Rajiformes"	"Rajidae"	"Malacoraja"	1
"Malacosteus_niger"	"Chordata"	"Actinopteri"	"Stomiiformes"	"Stomiidae"	"Malacosteus"	1
"Mallotus_villosus"	"Chordata"	"Actinopteri"	"Osmeriformes"	"Osmeridae"	"Mallotus"	3
"Masturus_lanceolatus"	"Chordata"	"Actinopteri"	"Tetraodontiformes"	"Molidae"	"Masturus"	2
"Mauligobius_maderensis"	"Chordata"	"Actinopteri"	"Gobiiformes"	"Gobiidae"	"Mauligobius"	1
"Maulisia_mauli"	"Chordata"	"Actinopteri"	"Alepocephaliformes"	"Platytroctidae"	"Maulisia"	1
"Maurolicus_muelleri"	"Chordata"	"Actinopteri"	"Stomiiformes"	"Sternoptychidae"	"Maurolicus"	1
"Megachasma_pelagios"	"Chordata"	"Elasmobranchii"	"Lamniformes"	"Megachasmidae"	"Megachasma"	2
"Megalops_atlanticus"	"Chordata"	"Actinopteri"	"Elopiformes"	"Megalopidae"	"Megalops"	2
"Melanocetus_johnsonii"	"Chordata"	"Actinopteri"	"Lophiiformes"	"Melanocetidae"	"Melanocetus"	3
"Melanogrammus_aeglefinus"	"Chordata"	"Actinopteri"	"Gadiformes"	"Gadidae"	"Melanogrammus"	7
"Melanostigma_atlanticum"	"Chordata"	"Actinopteri"	"Perciformes"	"Zoarcidae"	"Melanostigma"	1
"Melichthys_niger"	"Chordata"	"Actinopteri"	"Tetraodontiformes"	"Balistidae"	"Melichthys"	1
"Merlangius_merlangus"	"Chordata"	"Actinopteri"	"Gadiformes"	"Gadidae"	"Merlangius"	5
"Merluccius_merluccius"	"Chordata"	"Actinopteri"	"Gadiformes"	"Merlucciidae"	"Merluccius"	6
"Merluccius_polli"	"Chordata"	"Actinopteri"	"Gadiformes"	"Merlucciidae"	"Merluccius"	1
"Merluccius_senegalensis"	"Chordata"	"Actinopteri"	"Gadiformes"	"Merlucciidae"	"Merluccius"	1
"Micromesistius_poutassou"	"Chordata"	"Actinopteri"	"Gadiformes"	"Gadidae"	"Micromesistius"	3
"Microstomus_kitt"	"Chordata"	"Actinopteri"	"Pleuronectiformes"	"Pleuronectidae"	"Microstomus"	1
"Millerigobius_macrocephalus"	"Chordata"	"Actinopteri"	"Gobiiformes"	"Gobiidae"	"Millerigobius"	1
"Mitsukurina_owstoni"	"Chordata"	"Elasmobranchii"	"Lamniformes"	"Mitsukurinidae"	"Mitsukurina"	2
"Mobula_birostris"	"Chordata"	"Elasmobranchii"	"Myliobatiformes"	"Myliobatidae"	"Mobula"	4
"Mobula_hypostoma"	"Chordata"	"Elasmobranchii"	"Myliobatiformes"	"Myliobatidae"	"Mobula"	1
"Mobula_mobular"	"Chordata"	"Elasmobranchii"	"Myliobatiformes"	"Myliobatidae"	"Mobula"	4
"Mobula_rochebrunei"	"Chordata"	"Elasmobranchii"	"Myliobatiformes"	"Myliobatidae"	"Mobula"	1
"Mobula_thurstoni"	"Chordata"	"Elasmobranchii"	"Myliobatiformes"	"Myliobatidae"	"Mobula"	4
"Mola_mola"	"Chordata"	"Actinopteri"	"Tetraodontiformes"	"Molidae"	"Mola"	3
"Molva_dypterygia"	"Chordata"	"Actinopteri"	"Gadiformes"	"Lotidae"	"Molva"	3
"Molva_molva"	"Chordata"	"Actinopteri"	"Gadiformes"	"Lotidae"	"Molva"	2
"Monacoa_grimaldii"	"Chordata"	"Actinopteri"	"Argentiniformes"	"Opisthoproctidae"	"Monacoa"	3
"Monotaxis_grandoculis"	"Chordata"	"Actinopteri"	"Eupercaria"	"Lethrinidae"	"Monotaxis"	2
"Mugil_bananensis"	"Chordata"	"Actinopteri"	"Mugiliformes"	"Mugilidae"	"Mugil"	1
"Mugil_capurrii"	"Chordata"	"Actinopteri"	"Mugiliformes"	"Mugilidae"	"Mugil"	1
"Mugil_cephalus"	"Chordata"	"Actinopteri"	"Mugiliformes"	"Mugilidae"	"Mugil"	9
"Mugil_curema"	"Chordata"	"Actinopteri"	"Mugiliformes"	"Mugilidae"	"Mugil"	5
"Mullus_surmuletus"	"Chordata"	"Actinopteri"	"Mulliformes"	"Mullidae"	"Mullus"	2
"Muraenesox_cinereus"	"Chordata"	"Actinopteri"	"Anguilliformes"	"Muraenesocidae"	"Muraenesox"	2
"Mustelus_asterias"	"Chordata"	"Elasmobranchii"	"Carcharhiniformes"	"Triakidae"	"Mustelus"	1
"Mustelus_mustelus"	"Chordata"	"Elasmobranchii"	"Carcharhiniformes"	"Triakidae"	"Mustelus"	2
"Mycteroperca_rubra"	"Chordata"	"Actinopteri"	"Perciformes"	"Serranidae"	"Mycteroperca"	2
"Myctophum_affine"	"Chordata"	"Actinopteri"	"Myctophiformes"	"Myctophidae"	"Myctophum"	2
"Myctophum_asperum"	"Chordata"	"Actinopteri"	"Myctophiformes"	"Myctophidae"	"Myctophum"	1
"Myctophum_nitidulum"	"Chordata"	"Actinopteri"	"Myctophiformes"	"Myctophidae"	"Myctophum"	1
"Myctophum_punctatum"	"Chordata"	"Actinopteri"	"Myctophiformes"	"Myctophidae"	"Myctophum"	2
"Myliobatis_aquila"	"Chordata"	"Elasmobranchii"	"Myliobatiformes"	"Myliobatidae"	"Myliobatis"	1
"Myoxocephalus_quadricornis"	"Chordata"	"Actinopteri"	"Perciformes"	"Cottidae"	"Myoxocephalus"	7
"Myoxocephalus_scorpius"	"Chordata"	"Actinopteri"	"Perciformes"	"Cottidae"	"Myoxocephalus"	5
"Myroconger_compressus"	"Chordata"	"Actinopteri"	"Anguilliformes"	"Myrocongridae"	"Myroconger"	2
"Narcetes_stomias"	"Chordata"	"Actinopteri"	"Alepocephaliformes"	"Alepocephalidae"	"Narcetes"	2
"Naucrates_ductor"	"Chordata"	"Actinopteri"	"Carangiformes"	"Carangidae"	"Naucrates"	1
"Nealotus_tripes"	"Chordata"	"Actinopteri"	"Scombriformes"	"Gempylidae"	"Nealotus"	1
"Negaprion_brevirostris"	"Chordata"	"Elasmobranchii"	"Carcharhiniformes"	"Carcharhinidae"	"Negaprion"	1
"Nemichthys_scolopaceus"	"Chordata"	"Actinopteri"	"Anguilliformes"	"Nemichthyidae"	"Nemichthys"	3
"Nemipterus_japonicus"	"Chordata"	"Actinopteri"	"Eupercaria"	"Nemipteridae"	"Nemipterus"	2
"Neochelon_falcipinnis"	"Chordata"	"Actinopteri"	"Mugiliformes"	"Mugilidae"	"Neochelon"	2
"Neogobius_fluviatilis"	"Chordata"	"Actinopteri"	"Gobiiformes"	"Gobiidae"	"Neogobius"	1
"Neogobius_melanostomus"	"Chordata"	"Actinopteri"	"Gobiiformes"	"Gobiidae"	"Neogobius"	4
"Neoharriotta_pinnata"	"Chordata"	"Holocephali"	"Chimaeriformes"	"Rhinochimaeridae"	"Neoharriotta"	1
"Neoraja_caerulea"	"Chordata"	"Elasmobranchii"	"Rajiformes"	"Rajidae"	"Neoraja"	1
"Neoraja_iberica"	"Chordata"	"Elasmobranchii"	"Rajiformes"	"Rajidae"	"Neoraja"	1
"Neoscopelus_macrolepidotus"	"Chordata"	"Actinopteri"	"Myctophiformes"	"Neoscopelidae"	"Neoscopelus"	2
"Neoscopelus_microchir"	"Chordata"	"Actinopteri"	"Myctophiformes"	"Neoscopelidae"	"Neoscopelus"	1
"Nerophis_ophidion"	"Chordata"	"Actinopteri"	"Syngnathiformes"	"Syngnathidae"	"Nerophis"	1
"Nesiarchus_nasutus"	"Chordata"	"Actinopteri"	"Scombriformes"	"Gempylidae"	"Nesiarchus"	2
"Nessorhamphus_ingolfianus"	"Chordata"	"Actinopteri"	"Anguilliformes"	"Derichthyidae"	"Nessorhamphus"	3
"Netuma_thalassina"	"Chordata"	"Actinopteri"	"Siluriformes"	"Ariidae"	"Netuma"	4
"Nezumia_micronychodon"	"Chordata"	"Actinopteri"	"Gadiformes"	"Macrouridae"	"Nezumia"	1
"Normichthys_operosus"	"Chordata"	"Actinopteri"	"Alepocephaliformes"	"Platytroctidae"	"Normichthys"	2
"Notacanthus_bonaparte"	"Chordata"	"Actinopteri"	"Notacanthiformes"	"Notacanthidae"	"Notacanthus"	2
"Notacanthus_chemnitzii"	"Chordata"	"Actinopteri"	"Notacanthiformes"	"Notacanthidae"	"Notacanthus"	3
"Notolychnus_valdiviae"	"Chordata"	"Actinopteri"	"Myctophiformes"	"Myctophidae"	"Notolychnus"	1
"Notoscopelus_caudispinosus"	"Chordata"	"Actinopteri"	"Myctophiformes"	"Myctophidae"	"Notoscopelus"	1
"Notoscopelus_elongatus"	"Chordata"	"Actinopteri"	"Myctophiformes"	"Myctophidae"	"Notoscopelus"	1
"Odondebuenia_balearica"	"Chordata"	"Actinopteri"	"Gobiiformes"	"Gobiidae"	"Odondebuenia"	1
"Odontaspis_ferox"	"Chordata"	"Elasmobranchii"	"Lamniformes"	"Odontaspididae"	"Odontaspis"	4
"Oedalechilus_labeo"	"Chordata"	"Actinopteri"	"Mugiliformes"	"Mugilidae"	"Oedalechilus"	4
"Omosudis_lowii"	"Chordata"	"Actinopteri"	"Aulopiformes"	"Omosudidae"	"Omosudis"	1
"Oncorhynchus_gorbuscha"	"Chordata"	"Actinopteri"	"Salmoniformes"	"Salmonidae"	"Oncorhynchus"	3
"Oncorhynchus_keta"	"Chordata"	"Actinopteri"	"Salmoniformes"	"Salmonidae"	"Oncorhynchus"	6
"Oncorhynchus_mykiss"	"Chordata"	"Actinopteri"	"Salmoniformes"	"Salmonidae"	"Oncorhynchus"	21
"Opisthoproctus_soleatus"	"Chordata"	"Actinopteri"	"Argentiniformes"	"Opisthoproctidae"	"Opisthoproctus"	2
"Oplegnathus_fasciatus"	"Chordata"	"Actinopteri"	"Centrarchiformes"	"Oplegnathidae"	"Oplegnathus"	4
"Osmerus_eperlanus"	"Chordata"	"Actinopteri"	"Osmeriformes"	"Osmeridae"	"Osmerus"	4
"Ostorhinchus_fasciatus"	"Chordata"	"Actinopteri"	"Kurtiformes"	"Apogonidae"	"Ostorhinchus"	2
"Ostracion_cubicus"	"Chordata"	"Actinopteri"	"Tetraodontiformes"	"Ostraciidae"	"Ostracion"	3
"Oxynotus_paradoxus"	"Chordata"	"Elasmobranchii"	"Squaliformes"	"Oxynotidae"	"Oxynotus"	1
"Pagellus_acarne"	"Chordata"	"Actinopteri"	"Eupercaria"	"Sparidae"	"Pagellus"	2
"Pagellus_bogaraveo"	"Chordata"	"Actinopteri"	"Eupercaria"	"Sparidae"	"Pagellus"	3
"Pagellus_erythrinus"	"Chordata"	"Actinopteri"	"Eupercaria"	"Sparidae"	"Pagellus"	2
"Pagrus_auriga"	"Chordata"	"Actinopteri"	"Eupercaria"	"Sparidae"	"Pagrus"	3
"Pagrus_caeruleostictus"	"Chordata"	"Actinopteri"	"Eupercaria"	"Sparidae"	"Pagrus"	1
"Pagrus_major"	"Chordata"	"Actinopteri"	"Eupercaria"	"Sparidae"	"Pagrus"	2
"Pagrus_pagrus"	"Chordata"	"Actinopteri"	"Eupercaria"	"Sparidae"	"Pagrus"	1
"Pampus_argenteus"	"Chordata"	"Actinopteri"	"Perciformes"	"Stromateidae"	"Pampus"	4
"Parablennius_rouxi"	"Chordata"	"Actinopteri"	"Blenniiformes"	"Blenniidae"	"Parablennius"	1
"Parachelon_grandisquamis"	"Chordata"	"Actinopteri"	"Mugiliformes"	"Mugilidae"	"Parachelon"	2
"Paraconger_notialis"	"Chordata"	"Actinopteri"	"Anguilliformes"	"Congridae"	"Paraconger"	3
"Paraliparis_copei"	"Chordata"	"Actinopteri"	"Perciformes"	"Liparidae"	"Paraliparis"	1
"Parataeniophorus_gulosus"	"Chordata"	"Actinopteri"	"Beryciformes"	"Cetomimidae"	"Parataeniophorus"	2
"Pelates_quadrilineatus"	"Chordata"	"Actinopteri"	"Centrarchiformes"	"Terapontidae"	"Pelates"	2
"Pelecus_cultratus"	"Chordata"	"Actinopteri"	"Cypriniformes"	"Cyprinidae"	"Pelecus"	2
"Pentanemus_quinquarius"	"Chordata"	"Actinopteri"	"Carangaria"	"Polynemidae"	"Pentanemus"	1
"Perca_fluviatilis"	"Chordata"	"Actinopteri"	"Perciformes"	"Percidae"	"Perca"	12
"Periophthalmus_barbarus"	"Chordata"	"Actinopteri"	"Gobiiformes"	"Gobiidae"	"Periophthalmus"	1
"Petroscirtes_ancylodon"	"Chordata"	"Actinopteri"	"Blenniiformes"	"Blenniidae"	"Petroscirtes"	1
"Pholis_gunnellus"	"Chordata"	"Actinopteri"	"Perciformes"	"Pholidae"	"Pholis"	5
"Photonectes_margarita"	"Chordata"	"Actinopteri"	"Stomiiformes"	"Stomiidae"	"Photonectes"	1
"Phoxinus_phoxinus"	"Chordata"	"Actinopteri"	"Cypriniformes"	"Cyprinidae"	"Phoxinus"	8
"Planiliza_haematocheila"	"Chordata"	"Actinopteri"	"Mugiliformes"	"Mugilidae"	"Planiliza"	4
"Platax_teira"	"Chordata"	"Actinopteri"	"Acanthuriformes"	"Ephippidae"	"Platax"	3
"Platichthys_flesus"	"Chordata"	"Actinopteri"	"Pleuronectiformes"	"Pleuronectidae"	"Platichthys"	1
"Platycephalus_indicus"	"Chordata"	"Actinopteri"	"Perciformes"	"Platycephalidae"	"Platycephalus"	3
"Platytroctes_apus"	"Chordata"	"Actinopteri"	"Alepocephaliformes"	"Platytroctidae"	"Platytroctes"	2
"Pleuronectes_platessa"	"Chordata"	"Actinopteri"	"Pleuronectiformes"	"Pleuronectidae"	"Pleuronectes"	1
"Plotosus_lineatus"	"Chordata"	"Actinopteri"	"Siluriformes"	"Plotosidae"	"Plotosus"	3
"Pollachius_pollachius"	"Chordata"	"Actinopteri"	"Gadiformes"	"Gadidae"	"Pollachius"	6
"Pollachius_virens"	"Chordata"	"Actinopteri"	"Gadiformes"	"Gadidae"	"Pollachius"	5
"Polyacanthonotus_rissoanus"	"Chordata"	"Actinopteri"	"Notacanthiformes"	"Notacanthidae"	"Polyacanthonotus"	5
"Polyprion_americanus"	"Chordata"	"Actinopteri"	"Acropomatiformes"	"Polyprionidae"	"Polyprion"	1
"Pomacanthus_imperator"	"Chordata"	"Actinopteri"	"Acanthuriformes"	"Pomacanthidae"	"Pomacanthus"	2
"Pomacanthus_maculosus"	"Chordata"	"Actinopteri"	"Acanthuriformes"	"Pomacanthidae"	"Pomacanthus"	2
"Pomadasys_stridens"	"Chordata"	"Actinopteri"	"Eupercaria"	"Haemulidae"	"Pomadasys"	1
"Pomatomus_saltatrix"	"Chordata"	"Actinopteri"	"Scombriformes"	"Pomatomidae"	"Pomatomus"	3
"Pomatoschistus_knerii"	"Chordata"	"Actinopteri"	"Gobiiformes"	"Gobiidae"	"Pomatoschistus"	1
"Pomatoschistus_marmoratus"	"Chordata"	"Actinopteri"	"Gobiiformes"	"Gobiidae"	"Pomatoschistus"	1
"Pomatoschistus_microps"	"Chordata"	"Actinopteri"	"Gobiiformes"	"Gobiidae"	"Pomatoschistus"	1
"Pomatoschistus_minutus"	"Chordata"	"Actinopteri"	"Gobiiformes"	"Gobiidae"	"Pomatoschistus"	1
"Ponticola_kessleri"	"Chordata"	"Actinopteri"	"Gobiiformes"	"Gobiidae"	"Ponticola"	2
"Porogobius_schlegelii"	"Chordata"	"Actinopteri"	"Gobiiformes"	"Gobiidae"	"Porogobius"	1
"Prionace_glauca"	"Chordata"	"Elasmobranchii"	"Carcharhiniformes"	"Carcharhinidae"	"Prionace"	5
"Pristis_pectinata"	"Chordata"	"Elasmobranchii"	"Rhinopristiformes"	"Pristidae"	"Pristis"	6
"Pristis_pristis"	"Chordata"	"Elasmobranchii"	"Rhinopristiformes"	"Pristidae"	"Pristis"	4
"Promethichthys_prometheus"	"Chordata"	"Actinopteri"	"Scombriformes"	"Gempylidae"	"Promethichthys"	4
"Proterorhinus_marmoratus"	"Chordata"	"Actinopteri"	"Gobiiformes"	"Gobiidae"	"Proterorhinus"	1
"Proterorhinus_semilunaris"	"Chordata"	"Actinopteri"	"Gobiiformes"	"Gobiidae"	"Proterorhinus"	4
"Protomyctophum_arcticum"	"Chordata"	"Actinopteri"	"Myctophiformes"	"Myctophidae"	"Protomyctophum"	1
"Pseudaphya_ferreri"	"Chordata"	"Actinopteri"	"Gobiiformes"	"Gobiidae"	"Pseudaphya"	2
"Pseudotolithus_elongatus"	"Chordata"	"Actinopteri"	"Eupercaria"	"Sciaenidae"	"Pseudotolithus"	2
"Pseudotolithus_typus"	"Chordata"	"Actinopteri"	"Eupercaria"	"Sciaenidae"	"Pseudotolithus"	2
"Pseudotriakis_microdon"	"Chordata"	"Elasmobranchii"	"Carcharhiniformes"	"Pseudotriakidae"	"Pseudotriakis"	1
"Pterois_miles"	"Chordata"	"Actinopteri"	"Perciformes"	"Scorpaenidae"	"Pterois"	2
"Pteroplatytrygon_violacea"	"Chordata"	"Elasmobranchii"	"Myliobatiformes"	"Dasyatidae"	"Pteroplatytrygon"	2
"Pungitius_platygaster"	"Chordata"	"Actinopteri"	"Perciformes"	"Gasterosteidae"	"Pungitius"	2
"Pungitius_pungitius"	"Chordata"	"Actinopteri"	"Perciformes"	"Gasterosteidae"	"Pungitius"	9
"Pythonichthys_microphthalmus"	"Chordata"	"Actinopteri"	"Anguilliformes"	"Heterenchelyidae"	"Pythonichthys"	2
"Rachycentron_canadum"	"Chordata"	"Actinopteri"	"Carangiformes"	"Rachycentridae"	"Rachycentron"	6
"Raja_asterias"	"Chordata"	"Elasmobranchii"	"Rajiformes"	"Rajidae"	"Raja"	2
"Raja_brachyura"	"Chordata"	"Elasmobranchii"	"Rajiformes"	"Rajidae"	"Raja"	4
"Raja_clavata"	"Chordata"	"Elasmobranchii"	"Rajiformes"	"Rajidae"	"Raja"	3
"Raja_microocellata"	"Chordata"	"Elasmobranchii"	"Rajiformes"	"Rajidae"	"Raja"	1
"Raja_miraletus"	"Chordata"	"Elasmobranchii"	"Rajiformes"	"Rajidae"	"Raja"	2
"Raja_montagui"	"Chordata"	"Elasmobranchii"	"Rajiformes"	"Rajidae"	"Raja"	1
"Raja_polystigma"	"Chordata"	"Elasmobranchii"	"Rajiformes"	"Rajidae"	"Raja"	3
"Raja_undulata"	"Chordata"	"Elasmobranchii"	"Rajiformes"	"Rajidae"	"Raja"	2
"Rajella_bigelowi"	"Chordata"	"Elasmobranchii"	"Rajiformes"	"Rajidae"	"Rajella"	1
"Rajella_fyllae"	"Chordata"	"Elasmobranchii"	"Rajiformes"	"Rajidae"	"Rajella"	2
"Rajella_lintea"	"Chordata"	"Elasmobranchii"	"Rajiformes"	"Rajidae"	"Rajella"	2
"Raniceps_raninus"	"Chordata"	"Actinopteri"	"Gadiformes"	"Gadidae"	"Raniceps"	2
"Ranzania_laevis"	"Chordata"	"Actinopteri"	"Tetraodontiformes"	"Molidae"	"Ranzania"	2
"Rastrelliger_kanagurta"	"Chordata"	"Actinopteri"	"Scombriformes"	"Scombridae"	"Rastrelliger"	4
"Reinhardtius_hippoglossoides"	"Chordata"	"Actinopteri"	"Pleuronectiformes"	"Pleuronectidae"	"Reinhardtius"	6
"Remora_australis"	"Chordata"	"Actinopteri"	"Carangiformes"	"Echeneidae"	"Remora"	1
"Remora_brachyptera"	"Chordata"	"Actinopteri"	"Carangiformes"	"Echeneidae"	"Remora"	2
"Remora_osteochir"	"Chordata"	"Actinopteri"	"Carangiformes"	"Echeneidae"	"Remora"	1
"Remora_remora"	"Chordata"	"Actinopteri"	"Carangiformes"	"Echeneidae"	"Remora"	1
"Rhabdosargus_haffara"	"Chordata"	"Actinopteri"	"Eupercaria"	"Sparidae"	"Rhabdosargus"	2
"Rhincodon_typus"	"Chordata"	"Elasmobranchii"	"Orectolobiformes"	"Rhincodontidae"	"Rhincodon"	4
"Rhinecanthus_aculeatus"	"Chordata"	"Actinopteri"	"Tetraodontiformes"	"Balistidae"	"Rhinecanthus"	3
"Rhinoptera_bonasus"	"Chordata"	"Elasmobranchii"	"Myliobatiformes"	"Myliobatidae"	"Rhinoptera"	2
"Rhizoprionodon_acutus"	"Chordata"	"Elasmobranchii"	"Carcharhiniformes"	"Carcharhinidae"	"Rhizoprionodon"	3
"Rhodichthys_regina"	"Chordata"	"Actinopteri"	"Perciformes"	"Liparidae"	"Rhodichthys"	2
"Rinoctes_nasutus"	"Chordata"	"Actinopteri"	"Alepocephaliformes"	"Alepocephalidae"	"Rinoctes"	1
"Rondeletia_loricata"	"Chordata"	"Actinopteri"	"Beryciformes"	"Rondeletiidae"	"Rondeletia"	2
"Rostroraja_alba"	"Chordata"	"Elasmobranchii"	"Rajiformes"	"Rajidae"	"Rostroraja"	1
"Rutilus_rutilus"	"Chordata"	"Actinopteri"	"Cypriniformes"	"Cyprinidae"	"Rutilus"	3
"Ruvettus_pretiosus"	"Chordata"	"Actinopteri"	"Scombriformes"	"Gempylidae"	"Ruvettus"	5
"Salmo_salar"	"Chordata"	"Actinopteri"	"Salmoniformes"	"Salmonidae"	"Salmo"	14
"Salmo_trutta"	"Chordata"	"Actinopteri"	"Salmoniformes"	"Salmonidae"	"Salmo"	19
"Salvelinus_alpinus"	"Chordata"	"Actinopteri"	"Salmoniformes"	"Salmonidae"	"Salvelinus"	23
"Salvelinus_fontinalis"	"Chordata"	"Actinopteri"	"Salmoniformes"	"Salmonidae"	"Salvelinus"	7
"Sander_lucioperca"	"Chordata"	"Actinopteri"	"Perciformes"	"Percidae"	"Sander"	5
"Sarda_sarda"	"Chordata"	"Actinopteri"	"Scombriformes"	"Scombridae"	"Sarda"	2
"Sardina_pilchardus"	"Chordata"	"Actinopteri"	"Clupeiformes"	"Clupeidae"	"Sardina"	4
"Sardinella_aurita"	"Chordata"	"Actinopteri"	"Clupeiformes"	"Clupeidae"	"Sardinella"	1
"Sardinella_maderensis"	"Chordata"	"Actinopteri"	"Clupeiformes"	"Clupeidae"	"Sardinella"	2
"Sargocentron_rubrum"	"Chordata"	"Actinopteri"	"Holocentriformes"	"Holocentridae"	"Sargocentron"	4
"Saurida_undosquamis"	"Chordata"	"Actinopteri"	"Aulopiformes"	"Synodontidae"	"Saurida"	3
"Scardinius_erythrophthalmus"	"Chordata"	"Actinopteri"	"Cypriniformes"	"Cyprinidae"	"Scardinius"	4
"Scarus_ghobban"	"Chordata"	"Actinopteri"	"Eupercaria"	"Scaridae"	"Scarus"	3
"Scatophagus_argus"	"Chordata"	"Actinopteri"	"Acanthuriformes"	"Scatophagidae"	"Scatophagus"	8
"Schedophilus_medusophagus"	"Chordata"	"Actinopteri"	"Scombriformes"	"Centrolophidae"	"Schedophilus"	3
"Sciaena_umbra"	"Chordata"	"Actinopteri"	"Eupercaria"	"Sciaenidae"	"Sciaena"	1
"Sciaenops_ocellatus"	"Chordata"	"Actinopteri"	"Eupercaria"	"Sciaenidae"	"Sciaenops"	2
"Scomber_colias"	"Chordata"	"Actinopteri"	"Scombriformes"	"Scombridae"	"Scomber"	3
"Scomber_japonicus"	"Chordata"	"Actinopteri"	"Scombriformes"	"Scombridae"	"Scomber"	9
"Scomber_scombrus"	"Chordata"	"Actinopteri"	"Scombriformes"	"Scombridae"	"Scomber"	5
"Scomberomorus_commerson"	"Chordata"	"Actinopteri"	"Scombriformes"	"Scombridae"	"Scomberomorus"	4
"Scombrolabrax_heterolepis"	"Chordata"	"Actinopteri"	"Scombriformes"	"Scombrolabracidae"	"Scombrolabrax"	1
"Scopelengys_tristis"	"Chordata"	"Actinopteri"	"Myctophiformes"	"Neoscopelidae"	"Scopelengys"	2
"Scopelosaurus_lepidus"	"Chordata"	"Actinopteri"	"Aulopiformes"	"Notosudidae"	"Scopelosaurus"	1
"Scophthalmus_maximus"	"Chordata"	"Actinopteri"	"Pleuronectiformes"	"Scophthalmidae"	"Scophthalmus"	2
"Scophthalmus_rhombus"	"Chordata"	"Actinopteri"	"Pleuronectiformes"	"Scophthalmidae"	"Scophthalmus"	3
"Scorpaena_porcus"	"Chordata"	"Actinopteri"	"Perciformes"	"Scorpaenidae"	"Scorpaena"	4
"Scorpaena_scrofa"	"Chordata"	"Actinopteri"	"Perciformes"	"Scorpaenidae"	"Scorpaena"	2
"Scyliorhinus_canicula"	"Chordata"	"Elasmobranchii"	"Carcharhiniformes"	"Scyliorhinidae"	"Scyliorhinus"	2
"Scymnodon_ringens"	"Chordata"	"Elasmobranchii"	"Squaliformes"	"Somniosidae"	"Scymnodon"	1
"Sebastes_mentella"	"Chordata"	"Actinopteri"	"Perciformes"	"Sebastidae"	"Sebastes"	2
"Sebastes_norvegicus"	"Chordata"	"Actinopteri"	"Perciformes"	"Sebastidae"	"Sebastes"	2
"Sebastes_viviparus"	"Chordata"	"Actinopteri"	"Perciformes"	"Sebastidae"	"Sebastes"	3
"Selar_boops"	"Chordata"	"Actinopteri"	"Carangiformes"	"Carangidae"	"Selar"	1
"Selar_crumenophthalmus"	"Chordata"	"Actinopteri"	"Carangiformes"	"Carangidae"	"Selar"	4
"Seriola_dumerili"	"Chordata"	"Actinopteri"	"Carangiformes"	"Carangidae"	"Seriola"	3
"Seriola_rivoliana"	"Chordata"	"Actinopteri"	"Carangiformes"	"Carangidae"	"Seriola"	7
"Serranus_atricauda"	"Chordata"	"Actinopteri"	"Perciformes"	"Serranidae"	"Serranus"	2
"Serranus_cabrilla"	"Chordata"	"Actinopteri"	"Perciformes"	"Serranidae"	"Serranus"	3
"Serranus_hepatus"	"Chordata"	"Actinopteri"	"Perciformes"	"Serranidae"	"Serranus"	2
"Serranus_scriba"	"Chordata"	"Actinopteri"	"Perciformes"	"Serranidae"	"Serranus"	1
"Serrivomer_beanii"	"Chordata"	"Actinopteri"	"Anguilliformes"	"Serrivomeridae"	"Serrivomer"	2
"Setarches_guentheri"	"Chordata"	"Actinopteri"	"Perciformes"	"Setarchidae"	"Setarches"	1
"Sigmops_bathyphilus"	"Chordata"	"Actinopteri"	"Stomiiformes"	"Gonostomatidae"	"Sigmops"	1
"Silurus_glanis"	"Chordata"	"Actinopteri"	"Siluriformes"	"Siluridae"	"Silurus"	7
"Simenchelys_parasitica"	"Chordata"	"Actinopteri"	"Anguilliformes"	"Synaphobranchidae"	"Simenchelys"	4
"Similiparma_hermani"	"Chordata"	"Actinopteri"	"Ovalentaria"	"Pomacentridae"	"Similiparma"	1
"Solea_senegalensis"	"Chordata"	"Actinopteri"	"Pleuronectiformes"	"Soleidae"	"Solea"	3
"Solea_solea"	"Chordata"	"Actinopteri"	"Pleuronectiformes"	"Soleidae"	"Solea"	2
"Somniosus_microcephalus"	"Chordata"	"Elasmobranchii"	"Squaliformes"	"Somniosidae"	"Somniosus"	5
"Sparisoma_cretense"	"Chordata"	"Actinopteri"	"Eupercaria"	"Scaridae"	"Sparisoma"	1
"Sparus_aurata"	"Chordata"	"Actinopteri"	"Eupercaria"	"Sparidae"	"Sparus"	4
"Speleogobius_trigloides"	"Chordata"	"Actinopteri"	"Gobiiformes"	"Gobiidae"	"Speleogobius"	1
"Sphoeroides_pachygaster"	"Chordata"	"Actinopteri"	"Tetraodontiformes"	"Tetraodontidae"	"Sphoeroides"	2
"Sphyraena_barracuda"	"Chordata"	"Actinopteri"	"Carangaria"	"Sphyraenidae"	"Sphyraena"	2
"Sphyraena_pinguis"	"Chordata"	"Actinopteri"	"Carangaria"	"Sphyraenidae"	"Sphyraena"	2
"Sphyrna_lewini"	"Chordata"	"Elasmobranchii"	"Carcharhiniformes"	"Sphyrnidae"	"Sphyrna"	4
"Sphyrna_mokarran"	"Chordata"	"Elasmobranchii"	"Carcharhiniformes"	"Sphyrnidae"	"Sphyrna"	5
"Sphyrna_tudes"	"Chordata"	"Elasmobranchii"	"Carcharhiniformes"	"Sphyrnidae"	"Sphyrna"	3
"Sphyrna_zygaena"	"Chordata"	"Elasmobranchii"	"Carcharhiniformes"	"Sphyrnidae"	"Sphyrna"	6
"Spicara_maena"	"Chordata"	"Actinopteri"	"Eupercaria"	"Sparidae"	"Spicara"	3
"Spinachia_spinachia"	"Chordata"	"Actinopteri"	"Perciformes"	"Gasterosteidae"	"Spinachia"	4
"Spratelloides_delicatulus"	"Chordata"	"Actinopteri"	"Clupeiformes"	"Clupeidae"	"Spratelloides"	2
"Sprattus_sprattus"	"Chordata"	"Actinopteri"	"Clupeiformes"	"Clupeidae"	"Sprattus"	1
"Squalius_cephalus"	"Chordata"	"Actinopteri"	"Cypriniformes"	"Cyprinidae"	"Squalius"	4
"Squalus_acanthias"	"Chordata"	"Elasmobranchii"	"Squaliformes"	"Squalidae"	"Squalus"	5
"Squalus_blainville"	"Chordata"	"Elasmobranchii"	"Squaliformes"	"Squalidae"	"Squalus"	1
"Squalus_megalops"	"Chordata"	"Elasmobranchii"	"Squaliformes"	"Squalidae"	"Squalus"	1
"Squatina_squatina"	"Chordata"	"Elasmobranchii"	"Squatiniformes"	"Squatinidae"	"Squatina"	3
"Stegastes_imbricatus"	"Chordata"	"Actinopteri"	"Ovalentaria"	"Pomacentridae"	"Stegastes"	1
"Sternoptyx_diaphana"	"Chordata"	"Actinopteri"	"Stomiiformes"	"Sternoptychidae"	"Sternoptyx"	2
"Stolephorus_insularis"	"Chordata"	"Actinopteri"	"Clupeiformes"	"Engraulidae"	"Stolephorus"	2
"Stomias_boa"	"Chordata"	"Actinopteri"	"Stomiiformes"	"Stomiidae"	"Stomias"	1
"Stylephorus_chordatus"	"Chordata"	"Actinopteri"	"Stylephoriformes"	"Stylephoridae"	"Stylephorus"	3
"Symphodus_melops"	"Chordata"	"Actinopteri"	"Eupercaria"	"Labridae"	"Symphodus"	1
"Synagrops_japonicus"	"Chordata"	"Actinopteri"	"Acropomatiformes"	"Acropomatidae"	"Synagrops"	3
"Synaphobranchus_kaupii"	"Chordata"	"Actinopteri"	"Anguilliformes"	"Synaphobranchidae"	"Synaphobranchus"	3
"Syngnathus_abaster"	"Chordata"	"Actinopteri"	"Syngnathiformes"	"Syngnathidae"	"Syngnathus"	1
"Syngnathus_acus"	"Chordata"	"Actinopteri"	"Syngnathiformes"	"Syngnathidae"	"Syngnathus"	7
"Syngnathus_rostellatus"	"Chordata"	"Actinopteri"	"Syngnathiformes"	"Syngnathidae"	"Syngnathus"	2
"Syngnathus_taenionotus"	"Chordata"	"Actinopteri"	"Syngnathiformes"	"Syngnathidae"	"Syngnathus"	1
"Syngnathus_tenuirostris"	"Chordata"	"Actinopteri"	"Syngnathiformes"	"Syngnathidae"	"Syngnathus"	1
"Syngnathus_typhle"	"Chordata"	"Actinopteri"	"Syngnathiformes"	"Syngnathidae"	"Syngnathus"	4
"Taaningichthys_minimus"	"Chordata"	"Actinopteri"	"Myctophiformes"	"Myctophidae"	"Taaningichthys"	1
"Talismania_antillarum"	"Chordata"	"Actinopteri"	"Alepocephaliformes"	"Alepocephalidae"	"Talismania"	1
"Taractes_asper"	"Chordata"	"Actinopteri"	"Scombriformes"	"Bramidae"	"Taractes"	2
"Taurulus_bubalis"	"Chordata"	"Actinopteri"	"Perciformes"	"Cottidae"	"Taurulus"	2
"Terapon_jarbua"	"Chordata"	"Actinopteri"	"Centrarchiformes"	"Terapontidae"	"Terapon"	8
"Terapon_puta"	"Chordata"	"Actinopteri"	"Centrarchiformes"	"Terapontidae"	"Terapon"	2
"Terapon_theraps"	"Chordata"	"Actinopteri"	"Centrarchiformes"	"Terapontidae"	"Terapon"	4
"Tetragonurus_cuvieri"	"Chordata"	"Actinopteri"	"Scombriformes"	"Tetragonuridae"	"Tetragonurus"	2
"Tetrapturus_belone"	"Chordata"	"Actinopteri"	"Carangiformes"	"Istiophoridae"	"Tetrapturus"	4
"Tetrapturus_georgii"	"Chordata"	"Actinopteri"	"Carangiformes"	"Istiophoridae"	"Tetrapturus"	4
"Tetrapturus_pfluegeri"	"Chordata"	"Actinopteri"	"Carangiformes"	"Istiophoridae"	"Tetrapturus"	4
"Theragra_finnmarchica"	"Chordata"	"Actinopteri"	"Gadiformes"	"Gadidae"	"Theragra"	39
"Thorogobius_ephippiatus"	"Chordata"	"Actinopteri"	"Gobiiformes"	"Gobiidae"	"Thorogobius"	1
"Thunnus_alalunga"	"Chordata"	"Actinopteri"	"Scombriformes"	"Scombridae"	"Thunnus"	46
"Thunnus_albacares"	"Chordata"	"Actinopteri"	"Scombriformes"	"Scombridae"	"Thunnus"	14
"Thunnus_obesus"	"Chordata"	"Actinopteri"	"Scombriformes"	"Scombridae"	"Thunnus"	7
"Thunnus_thynnus"	"Chordata"	"Actinopteri"	"Scombriformes"	"Scombridae"	"Thunnus"	14
"Thymallus_thymallus"	"Chordata"	"Actinopteri"	"Salmoniformes"	"Salmonidae"	"Thymallus"	24
"Tinca_tinca"	"Chordata"	"Actinopteri"	"Cypriniformes"	"Cyprinidae"	"Tinca"	7
"Torpedo_marmorata"	"Chordata"	"Elasmobranchii"	"Torpediniformes"	"Torpedinidae"	"Torpedo"	2
"Torpedo_sinuspersici"	"Chordata"	"Elasmobranchii"	"Torpediniformes"	"Torpedinidae"	"Torpedo"	1
"Trachinocephalus_myops"	"Chordata"	"Actinopteri"	"Aulopiformes"	"Synodontidae"	"Trachinocephalus"	2
"Trachinotus_ovatus"	"Chordata"	"Actinopteri"	"Carangiformes"	"Carangidae"	"Trachinotus"	3
"Trachinus_draco"	"Chordata"	"Actinopteri"	"Perciformes"	"Trachinidae"	"Trachinus"	2
"Trachipterus_trachypterus"	"Chordata"	"Actinopteri"	"Lampriformes"	"Trachipteridae"	"Trachipterus"	2
"Trachonurus_sulcatus"	"Chordata"	"Actinopteri"	"Gadiformes"	"Macrouridae"	"Trachonurus"	1
"Trachurus_trachurus"	"Chordata"	"Actinopteri"	"Carangiformes"	"Carangidae"	"Trachurus"	5
"Trachyrincus_murrayi"	"Chordata"	"Actinopteri"	"Gadiformes"	"Macrouridae"	"Trachyrincus"	3
"Trichiurus_lepturus"	"Chordata"	"Actinopteri"	"Scombriformes"	"Trichiuridae"	"Trichiurus"	4
"Tridentiger_trigonocephalus"	"Chordata"	"Actinopteri"	"Gobiiformes"	"Gobiidae"	"Tridentiger"	15
"Triglops_murrayi"	"Chordata"	"Actinopteri"	"Perciformes"	"Cottidae"	"Triglops"	1
"Tripterygion_delaisi"	"Chordata"	"Actinopteri"	"Blenniiformes"	"Tripterygiidae"	"Tripterygion"	15
"Tripterygion_melanurum"	"Chordata"	"Actinopteri"	"Blenniiformes"	"Tripterygiidae"	"Tripterygion"	35
"Tripterygion_tripteronotum"	"Chordata"	"Actinopteri"	"Blenniiformes"	"Tripterygiidae"	"Tripterygion"	30
"Trisopterus_esmarkii"	"Chordata"	"Actinopteri"	"Gadiformes"	"Gadidae"	"Trisopterus"	2
"Trisopterus_luscus"	"Chordata"	"Actinopteri"	"Gadiformes"	"Gadidae"	"Trisopterus"	2
"Trisopterus_minutus"	"Chordata"	"Actinopteri"	"Gadiformes"	"Gadidae"	"Trisopterus"	2
"Trypauchen_vagina"	"Chordata"	"Actinopteri"	"Gobiiformes"	"Gobiidae"	"Trypauchen"	5
"Tylerius_spinosissimus"	"Chordata"	"Actinopteri"	"Tetraodontiformes"	"Tetraodontidae"	"Tylerius"	3
"Tylosurus_acus"	"Chordata"	"Actinopteri"	"Beloniformes"	"Belonidae"	"Tylosurus"	3
"Tylosurus_crocodilus"	"Chordata"	"Actinopteri"	"Beloniformes"	"Belonidae"	"Tylosurus"	2
"Uraspis_secunda"	"Chordata"	"Actinopteri"	"Carangiformes"	"Carangidae"	"Uraspis"	2
"Urogymnus_asperrimus"	"Chordata"	"Elasmobranchii"	"Myliobatiformes"	"Dasyatidae"	"Urogymnus"	1
"Vanneaugobius_canariensis"	"Chordata"	"Actinopteri"	"Gobiiformes"	"Gobiidae"	"Vanneaugobius"	1
"Vanneaugobius_pruvoti"	"Chordata"	"Actinopteri"	"Gobiiformes"	"Gobiidae"	"Vanneaugobius"	1
"Venefica_proboscidea"	"Chordata"	"Actinopteri"	"Anguilliformes"	"Nettastomatidae"	"Venefica"	1
"Vinciguerria_nimbaria"	"Chordata"	"Actinopteri"	"Stomiiformes"	"Phosichthyidae"	"Vinciguerria"	1
"Xenodermichthys_copei"	"Chordata"	"Actinopteri"	"Alepocephaliformes"	"Alepocephalidae"	"Xenodermichthys"	2
"Xiphias_gladius"	"Chordata"	"Actinopteri"	"Carangiformes"	"Xiphiidae"	"Xiphias"	8
"Xyrichtys_novacula"	"Chordata"	"Actinopteri"	"Eupercaria"	"Labridae"	"Xyrichtys"	1
"Zameus_squamulosus"	"Chordata"	"Elasmobranchii"	"Squaliformes"	"Somniosidae"	"Zameus"	1
"Zebrus_zebrus"	"Chordata"	"Actinopteri"	"Gobiiformes"	"Gobiidae"	"Zebrus"	1
"Zeugopterus_punctatus"	"Chordata"	"Actinopteri"	"Pleuronectiformes"	"Scophthalmidae"	"Zeugopterus"	2
"Zeus_faber"	"Chordata"	"Actinopteri"	"Zeiformes"	"Zeidae"	"Zeus"	5
"Zosterisessor_ophiocephalus"	"Chordata"	"Actinopteri"	"Gobiiformes"	"Gobiidae"	"Zosterisessor"	2
